Area,Item,Year,Value
Africa,"Meat indigenous, cattle",1961,1796412
Africa,"Meat indigenous, cattle",1962,1787230
Africa,"Meat indigenous, cattle",1963,1835440
Africa,"Meat indigenous, cattle",1964,1905052
Africa,"Meat indigenous, cattle",1965,1946785
Africa,"Meat indigenous, cattle",1966,2008912
Africa,"Meat indigenous, cattle",1967,2014471
Africa,"Meat indigenous, cattle",1968,2042182
Africa,"Meat indigenous, cattle",1969,2130367
Africa,"Meat indigenous, cattle",1970,2200595
Africa,"Meat indigenous, cattle",1971,2186301
Africa,"Meat indigenous, cattle",1972,2251414
Africa,"Meat indigenous, cattle",1973,2351365
Africa,"Meat indigenous, cattle",1974,2383449
Africa,"Meat indigenous, cattle",1975,2342665
Africa,"Meat indigenous, cattle",1976,2473268
Africa,"Meat indigenous, cattle",1977,2582018
Africa,"Meat indigenous, cattle",1978,2736554
Africa,"Meat indigenous, cattle",1979,2822081
Africa,"Meat indigenous, cattle",1980,2885495
Africa,"Meat indigenous, cattle",1981,2853228
Africa,"Meat indigenous, cattle",1982,3004979
Africa,"Meat indigenous, cattle",1983,3029733
Africa,"Meat indigenous, cattle",1984,3073919
Africa,"Meat indigenous, cattle",1985,3153066
Africa,"Meat indigenous, cattle",1986,3066822
Africa,"Meat indigenous, cattle",1987,2999241
Africa,"Meat indigenous, cattle",1988,2986025
Africa,"Meat indigenous, cattle",1989,3045842
Africa,"Meat indigenous, cattle",1990,3304253
Africa,"Meat indigenous, cattle",1991,3468596
Africa,"Meat indigenous, cattle",1992,3511743
Africa,"Meat indigenous, cattle",1993,3540377
Africa,"Meat indigenous, cattle",1994,3434640
Africa,"Meat indigenous, cattle",1995,3370702
Africa,"Meat indigenous, cattle",1996,3490650
Africa,"Meat indigenous, cattle",1997,3546874
Africa,"Meat indigenous, cattle",1998,3634872
Africa,"Meat indigenous, cattle",1999,3808340
Africa,"Meat indigenous, cattle",2000,3992238
Africa,"Meat indigenous, cattle",2001,3913230
Africa,"Meat indigenous, cattle",2002,4121371
Africa,"Meat indigenous, cattle",2003,4264111
Africa,"Meat indigenous, cattle",2004,4374265
Africa,"Meat indigenous, cattle",2005,4634537
Africa,"Meat indigenous, cattle",2006,4839119
Africa,"Meat indigenous, cattle",2007,4948653
Africa,"Meat indigenous, cattle",2008,5165717
Africa,"Meat indigenous, cattle",2009,5184400
Africa,"Meat indigenous, cattle",2010,5374932
Africa,"Meat indigenous, cattle",2011,5408191
Africa,"Meat indigenous, cattle",2012,5100792
Africa,"Meat indigenous, cattle",2013,5240746
Africa,"Meat indigenous, chicken",1961,268258
Africa,"Meat indigenous, chicken",1962,284599
Africa,"Meat indigenous, chicken",1963,297141
Africa,"Meat indigenous, chicken",1964,318657
Africa,"Meat indigenous, chicken",1965,337849
Africa,"Meat indigenous, chicken",1966,362453
Africa,"Meat indigenous, chicken",1967,390416
Africa,"Meat indigenous, chicken",1968,417799
Africa,"Meat indigenous, chicken",1969,458335
Africa,"Meat indigenous, chicken",1970,485451
Africa,"Meat indigenous, chicken",1971,505679
Africa,"Meat indigenous, chicken",1972,548569
Africa,"Meat indigenous, chicken",1973,593229
Africa,"Meat indigenous, chicken",1974,605360
Africa,"Meat indigenous, chicken",1975,662853
Africa,"Meat indigenous, chicken",1976,716476
Africa,"Meat indigenous, chicken",1977,756172
Africa,"Meat indigenous, chicken",1978,786975
Africa,"Meat indigenous, chicken",1979,813137
Africa,"Meat indigenous, chicken",1980,860242
Africa,"Meat indigenous, chicken",1981,914799
Africa,"Meat indigenous, chicken",1982,977493
Africa,"Meat indigenous, chicken",1983,1034719
Africa,"Meat indigenous, chicken",1984,1106313
Africa,"Meat indigenous, chicken",1985,1182293
Africa,"Meat indigenous, chicken",1986,1260582
Africa,"Meat indigenous, chicken",1987,1312457
Africa,"Meat indigenous, chicken",1988,1366945
Africa,"Meat indigenous, chicken",1989,1422431
Africa,"Meat indigenous, chicken",1990,1818591
Africa,"Meat indigenous, chicken",1991,1826348
Africa,"Meat indigenous, chicken",1992,1861800
Africa,"Meat indigenous, chicken",1993,1874727
Africa,"Meat indigenous, chicken",1994,1978835
Africa,"Meat indigenous, chicken",1995,2136940
Africa,"Meat indigenous, chicken",1996,2250600
Africa,"Meat indigenous, chicken",1997,2443203
Africa,"Meat indigenous, chicken",1998,2474934
Africa,"Meat indigenous, chicken",1999,2602504
Africa,"Meat indigenous, chicken",2000,2755411
Africa,"Meat indigenous, chicken",2001,2953473
Africa,"Meat indigenous, chicken",2002,3040368
Africa,"Meat indigenous, chicken",2003,3107954
Africa,"Meat indigenous, chicken",2004,3184906
Africa,"Meat indigenous, chicken",2005,3269688
Africa,"Meat indigenous, chicken",2006,3349574
Africa,"Meat indigenous, chicken",2007,3695364
Africa,"Meat indigenous, chicken",2008,3955022
Africa,"Meat indigenous, chicken",2009,4155204
Africa,"Meat indigenous, chicken",2010,4469488
Africa,"Meat indigenous, chicken",2011,4498859
Africa,"Meat indigenous, chicken",2012,4510407
Africa,"Meat indigenous, chicken",2013,4646702
Africa,"Meat indigenous, goat",1961,313546
Africa,"Meat indigenous, goat",1962,321505
Africa,"Meat indigenous, goat",1963,319110
Africa,"Meat indigenous, goat",1964,326418
Africa,"Meat indigenous, goat",1965,341490
Africa,"Meat indigenous, goat",1966,349727
Africa,"Meat indigenous, goat",1967,362366
Africa,"Meat indigenous, goat",1968,375728
Africa,"Meat indigenous, goat",1969,386615
Africa,"Meat indigenous, goat",1970,395037
Africa,"Meat indigenous, goat",1971,394902
Africa,"Meat indigenous, goat",1972,400203
Africa,"Meat indigenous, goat",1973,385449
Africa,"Meat indigenous, goat",1974,392636
Africa,"Meat indigenous, goat",1975,412631
Africa,"Meat indigenous, goat",1976,417387
Africa,"Meat indigenous, goat",1977,439253
Africa,"Meat indigenous, goat",1978,476245
Africa,"Meat indigenous, goat",1979,493488
Africa,"Meat indigenous, goat",1980,510608
Africa,"Meat indigenous, goat",1981,504110
Africa,"Meat indigenous, goat",1982,517610
Africa,"Meat indigenous, goat",1983,528812
Africa,"Meat indigenous, goat",1984,529752
Africa,"Meat indigenous, goat",1985,534661
Africa,"Meat indigenous, goat",1986,553446
Africa,"Meat indigenous, goat",1987,589273
Africa,"Meat indigenous, goat",1988,621202
Africa,"Meat indigenous, goat",1989,648796
Africa,"Meat indigenous, goat",1990,660184
Africa,"Meat indigenous, goat",1991,682754
Africa,"Meat indigenous, goat",1992,702906
Africa,"Meat indigenous, goat",1993,691474
Africa,"Meat indigenous, goat",1994,723153
Africa,"Meat indigenous, goat",1995,777635
Africa,"Meat indigenous, goat",1996,807325
Africa,"Meat indigenous, goat",1997,847236
Africa,"Meat indigenous, goat",1998,857507
Africa,"Meat indigenous, goat",1999,884545
Africa,"Meat indigenous, goat",2000,916648
Africa,"Meat indigenous, goat",2001,954076
Africa,"Meat indigenous, goat",2002,990791
Africa,"Meat indigenous, goat",2003,1015209
Africa,"Meat indigenous, goat",2004,1047671
Africa,"Meat indigenous, goat",2005,1129607
Africa,"Meat indigenous, goat",2006,1132327
Africa,"Meat indigenous, goat",2007,1183476
Africa,"Meat indigenous, goat",2008,1213821
Africa,"Meat indigenous, goat",2009,1245000
Africa,"Meat indigenous, goat",2010,1258022
Africa,"Meat indigenous, goat",2011,1294190
Africa,"Meat indigenous, goat",2012,1150921
Africa,"Meat indigenous, goat",2013,1168717
Africa,"Meat indigenous, pig",1961,185508
Africa,"Meat indigenous, pig",1962,191102
Africa,"Meat indigenous, pig",1963,195065
Africa,"Meat indigenous, pig",1964,206796
Africa,"Meat indigenous, pig",1965,212598
Africa,"Meat indigenous, pig",1966,217913
Africa,"Meat indigenous, pig",1967,232145
Africa,"Meat indigenous, pig",1968,239936
Africa,"Meat indigenous, pig",1969,257762
Africa,"Meat indigenous, pig",1970,260233
Africa,"Meat indigenous, pig",1971,268288
Africa,"Meat indigenous, pig",1972,290103
Africa,"Meat indigenous, pig",1973,301728
Africa,"Meat indigenous, pig",1974,294485
Africa,"Meat indigenous, pig",1975,298334
Africa,"Meat indigenous, pig",1976,311505
Africa,"Meat indigenous, pig",1977,322525
Africa,"Meat indigenous, pig",1978,326877
Africa,"Meat indigenous, pig",1979,328972
Africa,"Meat indigenous, pig",1980,341577
Africa,"Meat indigenous, pig",1981,360704
Africa,"Meat indigenous, pig",1982,373030
Africa,"Meat indigenous, pig",1983,381676
Africa,"Meat indigenous, pig",1984,401103
Africa,"Meat indigenous, pig",1985,416814
Africa,"Meat indigenous, pig",1986,447523
Africa,"Meat indigenous, pig",1987,486240
Africa,"Meat indigenous, pig",1988,506304
Africa,"Meat indigenous, pig",1989,559773
Africa,"Meat indigenous, pig",1990,581968
Africa,"Meat indigenous, pig",1991,564908
Africa,"Meat indigenous, pig",1992,601303
Africa,"Meat indigenous, pig",1993,596468
Africa,"Meat indigenous, pig",1994,606608
Africa,"Meat indigenous, pig",1995,746868
Africa,"Meat indigenous, pig",1996,755398
Africa,"Meat indigenous, pig",1997,776355
Africa,"Meat indigenous, pig",1998,763200
Africa,"Meat indigenous, pig",1999,773625
Africa,"Meat indigenous, pig",2000,768074
Africa,"Meat indigenous, pig",2001,787340
Africa,"Meat indigenous, pig",2002,816313
Africa,"Meat indigenous, pig",2003,818704
Africa,"Meat indigenous, pig",2004,882802
Africa,"Meat indigenous, pig",2005,940258
Africa,"Meat indigenous, pig",2006,954259
Africa,"Meat indigenous, pig",2007,1072845
Africa,"Meat indigenous, pig",2008,1186152
Africa,"Meat indigenous, pig",2009,1222276
Africa,"Meat indigenous, pig",2010,1136933
Africa,"Meat indigenous, pig",2011,1182810
Africa,"Meat indigenous, pig",2012,1250709
Africa,"Meat indigenous, pig",2013,1299068
Africa,"Meat indigenous, sheep",1961,481960
Africa,"Meat indigenous, sheep",1962,479055
Africa,"Meat indigenous, sheep",1963,477272
Africa,"Meat indigenous, sheep",1964,498217
Africa,"Meat indigenous, sheep",1965,524248
Africa,"Meat indigenous, sheep",1966,547796
Africa,"Meat indigenous, sheep",1967,561137
Africa,"Meat indigenous, sheep",1968,603316
Africa,"Meat indigenous, sheep",1969,638304
Africa,"Meat indigenous, sheep",1970,621516
Africa,"Meat indigenous, sheep",1971,632688
Africa,"Meat indigenous, sheep",1972,660975
Africa,"Meat indigenous, sheep",1973,611163
Africa,"Meat indigenous, sheep",1974,576610
Africa,"Meat indigenous, sheep",1975,611520
Africa,"Meat indigenous, sheep",1976,644158
Africa,"Meat indigenous, sheep",1977,658801
Africa,"Meat indigenous, sheep",1978,686402
Africa,"Meat indigenous, sheep",1979,706754
Africa,"Meat indigenous, sheep",1980,736500
Africa,"Meat indigenous, sheep",1981,763858
Africa,"Meat indigenous, sheep",1982,747709
Africa,"Meat indigenous, sheep",1983,746744
Africa,"Meat indigenous, sheep",1984,757738
Africa,"Meat indigenous, sheep",1985,790617
Africa,"Meat indigenous, sheep",1986,751193
Africa,"Meat indigenous, sheep",1987,799400
Africa,"Meat indigenous, sheep",1988,864393
Africa,"Meat indigenous, sheep",1989,904988
Africa,"Meat indigenous, sheep",1990,924509
Africa,"Meat indigenous, sheep",1991,922708
Africa,"Meat indigenous, sheep",1992,954444
Africa,"Meat indigenous, sheep",1993,950812
Africa,"Meat indigenous, sheep",1994,988604
Africa,"Meat indigenous, sheep",1995,1011205
Africa,"Meat indigenous, sheep",1996,1013561
Africa,"Meat indigenous, sheep",1997,1067877
Africa,"Meat indigenous, sheep",1998,1151680
Africa,"Meat indigenous, sheep",1999,1245061
Africa,"Meat indigenous, sheep",2000,1254515
Africa,"Meat indigenous, sheep",2001,1271711
Africa,"Meat indigenous, sheep",2002,1318944
Africa,"Meat indigenous, sheep",2003,1339146
Africa,"Meat indigenous, sheep",2004,1361422
Africa,"Meat indigenous, sheep",2005,1410447
Africa,"Meat indigenous, sheep",2006,1474552
Africa,"Meat indigenous, sheep",2007,1482541
Africa,"Meat indigenous, sheep",2008,1537160
Africa,"Meat indigenous, sheep",2009,1593151
Africa,"Meat indigenous, sheep",2010,1634200
Africa,"Meat indigenous, sheep",2011,1708148
Africa,"Meat indigenous, sheep",2012,1374648
Africa,"Meat indigenous, sheep",2013,1377642
Northern America,"Meat indigenous, cattle",1961,8044851
Northern America,"Meat indigenous, cattle",1962,8008684
Northern America,"Meat indigenous, cattle",1963,8540315
Northern America,"Meat indigenous, cattle",1964,9565887
Northern America,"Meat indigenous, cattle",1965,9793911
Northern America,"Meat indigenous, cattle",1966,10184921
Northern America,"Meat indigenous, cattle",1967,10348176
Northern America,"Meat indigenous, cattle",1968,10665975
Northern America,"Meat indigenous, cattle",1969,10703054
Northern America,"Meat indigenous, cattle",1970,10907013
Northern America,"Meat indigenous, cattle",1971,11011131
Northern America,"Meat indigenous, cattle",1972,11224569
Northern America,"Meat indigenous, cattle",1973,10625494
Northern America,"Meat indigenous, cattle",1974,11631989
Northern America,"Meat indigenous, cattle",1975,12338411
Northern America,"Meat indigenous, cattle",1976,13290298
Northern America,"Meat indigenous, cattle",1977,12940486
Northern America,"Meat indigenous, cattle",1978,12279650
Northern America,"Meat indigenous, cattle",1979,10851457
Northern America,"Meat indigenous, cattle",1980,10947145
Northern America,"Meat indigenous, cattle",1981,11231680
Northern America,"Meat indigenous, cattle",1982,11400357
Northern America,"Meat indigenous, cattle",1983,11721630
Northern America,"Meat indigenous, cattle",1984,11893026
Northern America,"Meat indigenous, cattle",1985,11993325
Northern America,"Meat indigenous, cattle",1986,12222382
Northern America,"Meat indigenous, cattle",1987,11737337
Northern America,"Meat indigenous, cattle",1988,11808979
Northern America,"Meat indigenous, cattle",1989,11518502
Northern America,"Meat indigenous, cattle",1990,11311672
Northern America,"Meat indigenous, cattle",1991,11349635
Northern America,"Meat indigenous, cattle",1992,11589490
Northern America,"Meat indigenous, cattle",1993,11443122
Northern America,"Meat indigenous, cattle",1994,12100147
Northern America,"Meat indigenous, cattle",1995,12436970
Northern America,"Meat indigenous, cattle",1996,12943397
Northern America,"Meat indigenous, cattle",1997,12955199
Northern America,"Meat indigenous, cattle",1998,12879406
Northern America,"Meat indigenous, cattle",1999,13261345
Northern America,"Meat indigenous, cattle",2000,13450725
Northern America,"Meat indigenous, cattle",2001,13202625
Northern America,"Meat indigenous, cattle",2002,13509626
Northern America,"Meat indigenous, cattle",2003,13069725
Northern America,"Meat indigenous, cattle",2004,12348225
Northern America,"Meat indigenous, cattle",2005,12485525
Northern America,"Meat indigenous, cattle",2006,12885294
Northern America,"Meat indigenous, cattle",2007,12725764
Northern America,"Meat indigenous, cattle",2008,12960029
Northern America,"Meat indigenous, cattle",2009,12719029
Northern America,"Meat indigenous, cattle",2010,12820909
Northern America,"Meat indigenous, cattle",2011,12656329
Northern America,"Meat indigenous, cattle",2012,11846630
Northern America,"Meat indigenous, cattle",2013,11896010
Northern America,"Meat indigenous, chicken",1961,2803403
Northern America,"Meat indigenous, chicken",1962,2816656
Northern America,"Meat indigenous, chicken",1963,2946636
Northern America,"Meat indigenous, chicken",1964,3040124
Northern America,"Meat indigenous, chicken",1965,3242413
Northern America,"Meat indigenous, chicken",1966,3528005
Northern America,"Meat indigenous, chicken",1967,3623719
Northern America,"Meat indigenous, chicken",1968,3642885
Northern America,"Meat indigenous, chicken",1969,3900868
Northern America,"Meat indigenous, chicken",1970,4184156
Northern America,"Meat indigenous, chicken",1971,4185663
Northern America,"Meat indigenous, chicken",1972,4369992
Northern America,"Meat indigenous, chicken",1973,4289342
Northern America,"Meat indigenous, chicken",1974,4313958
Northern America,"Meat indigenous, chicken",1975,4217601
Northern America,"Meat indigenous, chicken",1976,4673545
Northern America,"Meat indigenous, chicken",1977,4723856
Northern America,"Meat indigenous, chicken",1978,5130675
Northern America,"Meat indigenous, chicken",1979,5653578
Northern America,"Meat indigenous, chicken",1980,5797563
Northern America,"Meat indigenous, chicken",1981,6142535
Northern America,"Meat indigenous, chicken",1982,6185494
Northern America,"Meat indigenous, chicken",1983,6301002
Northern America,"Meat indigenous, chicken",1984,6606540
Northern America,"Meat indigenous, chicken",1985,6905481
Northern America,"Meat indigenous, chicken",1986,7235344
Northern America,"Meat indigenous, chicken",1987,7853341
Northern America,"Meat indigenous, chicken",1988,8129030
Northern America,"Meat indigenous, chicken",1989,8672112
Northern America,"Meat indigenous, chicken",1990,9259422
Northern America,"Meat indigenous, chicken",1991,9788458
Northern America,"Meat indigenous, chicken",1992,10386487
Northern America,"Meat indigenous, chicken",1993,10849882
Northern America,"Meat indigenous, chicken",1994,11680870
Northern America,"Meat indigenous, chicken",1995,12204702
Northern America,"Meat indigenous, chicken",1996,12819300
Northern America,"Meat indigenous, chicken",1997,13235303
Northern America,"Meat indigenous, chicken",1998,13538103
Northern America,"Meat indigenous, chicken",1999,14482803
Northern America,"Meat indigenous, chicken",2000,14847103
Northern America,"Meat indigenous, chicken",2001,15220803
Northern America,"Meat indigenous, chicken",2002,15423503
Northern America,"Meat indigenous, chicken",2003,15653603
Northern America,"Meat indigenous, chicken",2004,16423503
Northern America,"Meat indigenous, chicken",2005,17044402
Northern America,"Meat indigenous, chicken",2006,17173203
Northern America,"Meat indigenous, chicken",2007,17244903
Northern America,"Meat indigenous, chicken",2008,17963515
Northern America,"Meat indigenous, chicken",2009,17302965
Northern America,"Meat indigenous, chicken",2010,17945715
Northern America,"Meat indigenous, chicken",2011,18083665
Northern America,"Meat indigenous, chicken",2012,18162901
Northern America,"Meat indigenous, chicken",2013,18538522
Northern America,"Meat indigenous, goat",1961,1
Northern America,"Meat indigenous, goat",1962,1
Northern America,"Meat indigenous, goat",1963,1
Northern America,"Meat indigenous, goat",1964,1
Northern America,"Meat indigenous, goat",1965,1
Northern America,"Meat indigenous, goat",1966,1
Northern America,"Meat indigenous, goat",1967,1
Northern America,"Meat indigenous, goat",1968,2
Northern America,"Meat indigenous, goat",1969,1
Northern America,"Meat indigenous, goat",1970,1
Northern America,"Meat indigenous, goat",1971,1
Northern America,"Meat indigenous, goat",1972,1
Northern America,"Meat indigenous, goat",1973,1
Northern America,"Meat indigenous, goat",1974,1
Northern America,"Meat indigenous, goat",1975,1
Northern America,"Meat indigenous, goat",1976,1
Northern America,"Meat indigenous, goat",1977,2
Northern America,"Meat indigenous, goat",1978,2
Northern America,"Meat indigenous, goat",1979,2
Northern America,"Meat indigenous, goat",1980,2
Northern America,"Meat indigenous, goat",1981,2
Northern America,"Meat indigenous, goat",1982,2
Northern America,"Meat indigenous, goat",1983,3
Northern America,"Meat indigenous, goat",1984,3
Northern America,"Meat indigenous, goat",1985,3
Northern America,"Meat indigenous, goat",1986,3
Northern America,"Meat indigenous, goat",1987,3
Northern America,"Meat indigenous, goat",1988,3
Northern America,"Meat indigenous, goat",1989,3
Northern America,"Meat indigenous, goat",1990,3
Northern America,"Meat indigenous, goat",1991,3
Northern America,"Meat indigenous, goat",1992,3
Northern America,"Meat indigenous, goat",1993,3
Northern America,"Meat indigenous, goat",1994,3
Northern America,"Meat indigenous, goat",1995,3
Northern America,"Meat indigenous, goat",1996,2
Northern America,"Meat indigenous, goat",1997,2
Northern America,"Meat indigenous, goat",1998,2
Northern America,"Meat indigenous, goat",1999,2
Northern America,"Meat indigenous, goat",2000,2
Northern America,"Meat indigenous, goat",2001,2
Northern America,"Meat indigenous, goat",2002,2
Northern America,"Meat indigenous, goat",2003,2
Northern America,"Meat indigenous, goat",2004,2
Northern America,"Meat indigenous, goat",2005,2
Northern America,"Meat indigenous, goat",2006,2
Northern America,"Meat indigenous, goat",2007,2
Northern America,"Meat indigenous, goat",2008,2
Northern America,"Meat indigenous, goat",2009,2
Northern America,"Meat indigenous, goat",2010,2
Northern America,"Meat indigenous, goat",2011,2
Northern America,"Meat indigenous, goat",2012,2
Northern America,"Meat indigenous, goat",2013,2
Northern America,"Meat indigenous, pig",1961,5708940
Northern America,"Meat indigenous, pig",1962,5904600
Northern America,"Meat indigenous, pig",1963,6173740
Northern America,"Meat indigenous, pig",1964,6250660
Northern America,"Meat indigenous, pig",1965,5601660
Northern America,"Meat indigenous, pig",1966,5699780
Northern America,"Meat indigenous, pig",1967,6361760
Northern America,"Meat indigenous, pig",1968,6570690
Northern America,"Meat indigenous, pig",1969,6492270
Northern America,"Meat indigenous, pig",1970,6843570
Northern America,"Meat indigenous, pig",1971,7523870
Northern America,"Meat indigenous, pig",1972,6961280
Northern America,"Meat indigenous, pig",1973,6548500
Northern America,"Meat indigenous, pig",1974,7024347
Northern America,"Meat indigenous, pig",1975,5871271
Northern America,"Meat indigenous, pig",1976,6275103
Northern America,"Meat indigenous, pig",1977,6656960
Northern America,"Meat indigenous, pig",1978,6815621
Northern America,"Meat indigenous, pig",1979,7893204
Northern America,"Meat indigenous, pig",1980,8569646
Northern America,"Meat indigenous, pig",1981,8216101
Northern America,"Meat indigenous, pig",1982,7463711
Northern America,"Meat indigenous, pig",1983,7927612
Northern America,"Meat indigenous, pig",1984,7765273
Northern America,"Meat indigenous, pig",1985,7798193
Northern America,"Meat indigenous, pig",1986,7473675
Northern America,"Meat indigenous, pig",1987,7641148
Northern America,"Meat indigenous, pig",1988,8300543
Northern America,"Meat indigenous, pig",1989,8363000
Northern America,"Meat indigenous, pig",1990,8089130
Northern America,"Meat indigenous, pig",1991,8369964
Northern America,"Meat indigenous, pig",1992,9032138
Northern America,"Meat indigenous, pig",1993,8946375
Northern America,"Meat indigenous, pig",1994,9265271
Northern America,"Meat indigenous, pig",1995,9372346
Northern America,"Meat indigenous, pig",1996,8985028
Northern America,"Meat indigenous, pig",1997,9085527
Northern America,"Meat indigenous, pig",1998,10122553
Northern America,"Meat indigenous, pig",1999,10466587
Northern America,"Meat indigenous, pig",2000,10388790
Northern America,"Meat indigenous, pig",2001,10612319
Northern America,"Meat indigenous, pig",2002,11039231
Northern America,"Meat indigenous, pig",2003,11260772
Northern America,"Meat indigenous, pig",2004,11524184
Northern America,"Meat indigenous, pig",2005,11577993
Northern America,"Meat indigenous, pig",2006,11739308
Northern America,"Meat indigenous, pig",2007,12202311
Northern America,"Meat indigenous, pig",2008,12876174
Northern America,"Meat indigenous, pig",2009,12443811
Northern America,"Meat indigenous, pig",2010,12132470
Northern America,"Meat indigenous, pig",2011,12327690
Northern America,"Meat indigenous, pig",2012,12464092
Northern America,"Meat indigenous, pig",2013,12403702
Northern America,"Meat indigenous, sheep",1961,391990
Northern America,"Meat indigenous, sheep",1962,382099
Northern America,"Meat indigenous, sheep",1963,362884
Northern America,"Meat indigenous, sheep",1964,337916
Northern America,"Meat indigenous, sheep",1965,307342
Northern America,"Meat indigenous, sheep",1966,305791
Northern America,"Meat indigenous, sheep",1967,305861
Northern America,"Meat indigenous, sheep",1968,282786
Northern America,"Meat indigenous, sheep",1969,259011
Northern America,"Meat indigenous, sheep",1970,260326
Northern America,"Meat indigenous, sheep",1971,264182
Northern America,"Meat indigenous, sheep",1972,257484
Northern America,"Meat indigenous, sheep",1973,246016
Northern America,"Meat indigenous, sheep",1974,224537
Northern America,"Meat indigenous, sheep",1975,200521
Northern America,"Meat indigenous, sheep",1976,179442
Northern America,"Meat indigenous, sheep",1977,169120
Northern America,"Meat indigenous, sheep",1978,148214
Northern America,"Meat indigenous, sheep",1979,140795
Northern America,"Meat indigenous, sheep",1980,152441
Northern America,"Meat indigenous, sheep",1981,164832
Northern America,"Meat indigenous, sheep",1982,179872
Northern America,"Meat indigenous, sheep",1983,183763
Northern America,"Meat indigenous, sheep",1984,188436
Northern America,"Meat indigenous, sheep",1985,178761
Northern America,"Meat indigenous, sheep",1986,164159
Northern America,"Meat indigenous, sheep",1987,151593
Northern America,"Meat indigenous, sheep",1988,164413
Northern America,"Meat indigenous, sheep",1989,171685
Northern America,"Meat indigenous, sheep",1990,186920
Northern America,"Meat indigenous, sheep",1991,197693
Northern America,"Meat indigenous, sheep",1992,192965
Northern America,"Meat indigenous, sheep",1993,188274
Northern America,"Meat indigenous, sheep",1994,172238
Northern America,"Meat indigenous, sheep",1995,147990
Northern America,"Meat indigenous, sheep",1996,140745
Northern America,"Meat indigenous, sheep",1997,169600
Northern America,"Meat indigenous, sheep",1998,146323
Northern America,"Meat indigenous, sheep",1999,137777
Northern America,"Meat indigenous, sheep",2000,130751
Northern America,"Meat indigenous, sheep",2001,128023
Northern America,"Meat indigenous, sheep",2002,129355
Northern America,"Meat indigenous, sheep",2003,114331
Northern America,"Meat indigenous, sheep",2004,111560
Northern America,"Meat indigenous, sheep",2005,105448
Northern America,"Meat indigenous, sheep",2006,104542
Northern America,"Meat indigenous, sheep",2007,103065
Northern America,"Meat indigenous, sheep",2008,102660
Northern America,"Meat indigenous, sheep",2009,101226
Northern America,"Meat indigenous, sheep",2010,96577
Northern America,"Meat indigenous, sheep",2011,87604
Northern America,"Meat indigenous, sheep",2012,92039
Northern America,"Meat indigenous, sheep",2013,86941
South America,"Meat indigenous, cattle",1961,4646669
South America,"Meat indigenous, cattle",1962,4918537
South America,"Meat indigenous, cattle",1963,5201194
South America,"Meat indigenous, cattle",1964,4795143
South America,"Meat indigenous, cattle",1965,4779967
South America,"Meat indigenous, cattle",1966,4996735
South America,"Meat indigenous, cattle",1967,5269373
South America,"Meat indigenous, cattle",1968,5625920
South America,"Meat indigenous, cattle",1969,6131579
South America,"Meat indigenous, cattle",1970,5985611
South America,"Meat indigenous, cattle",1971,5231334
South America,"Meat indigenous, cattle",1972,5635989
South America,"Meat indigenous, cattle",1973,5690252
South America,"Meat indigenous, cattle",1974,5726640
South America,"Meat indigenous, cattle",1975,6250437
South America,"Meat indigenous, cattle",1976,6938713
South America,"Meat indigenous, cattle",1977,7040513
South America,"Meat indigenous, cattle",1978,7489230
South America,"Meat indigenous, cattle",1979,7389838
South America,"Meat indigenous, cattle",1980,7507137
South America,"Meat indigenous, cattle",1981,7856581
South America,"Meat indigenous, cattle",1982,7497701
South America,"Meat indigenous, cattle",1983,7645769
South America,"Meat indigenous, cattle",1984,7767384
South America,"Meat indigenous, cattle",1985,8173960
South America,"Meat indigenous, cattle",1986,8429965
South America,"Meat indigenous, cattle",1987,7980249
South America,"Meat indigenous, cattle",1988,8484926
South America,"Meat indigenous, cattle",1989,8918229
South America,"Meat indigenous, cattle",1990,9387767
South America,"Meat indigenous, cattle",1991,9605069
South America,"Meat indigenous, cattle",1992,9577595
South America,"Meat indigenous, cattle",1993,9734905
South America,"Meat indigenous, cattle",1994,10111766
South America,"Meat indigenous, cattle",1995,10602583
South America,"Meat indigenous, cattle",1996,11243380
South America,"Meat indigenous, cattle",1997,11205860
South America,"Meat indigenous, cattle",1998,10841020
South America,"Meat indigenous, cattle",1999,11585179
South America,"Meat indigenous, cattle",2000,11856172
South America,"Meat indigenous, cattle",2001,11654829
South America,"Meat indigenous, cattle",2002,12080206
South America,"Meat indigenous, cattle",2003,12329834
South America,"Meat indigenous, cattle",2004,13358294
South America,"Meat indigenous, cattle",2005,14560419
South America,"Meat indigenous, cattle",2006,15178745
South America,"Meat indigenous, cattle",2007,15612627
South America,"Meat indigenous, cattle",2008,15327234
South America,"Meat indigenous, cattle",2009,15309929
South America,"Meat indigenous, cattle",2010,14805910
South America,"Meat indigenous, cattle",2011,14565873
South America,"Meat indigenous, cattle",2012,14944178
South America,"Meat indigenous, cattle",2013,15704808
South America,"Meat indigenous, chicken",1961,300147
South America,"Meat indigenous, chicken",1962,321998
South America,"Meat indigenous, chicken",1963,374754
South America,"Meat indigenous, chicken",1964,422547
South America,"Meat indigenous, chicken",1965,531509
South America,"Meat indigenous, chicken",1966,555994
South America,"Meat indigenous, chicken",1967,615858
South America,"Meat indigenous, chicken",1968,665252
South America,"Meat indigenous, chicken",1969,736455
South America,"Meat indigenous, chicken",1970,846218
South America,"Meat indigenous, chicken",1971,879681
South America,"Meat indigenous, chicken",1972,978116
South America,"Meat indigenous, chicken",1973,1091890
South America,"Meat indigenous, chicken",1974,1246742
South America,"Meat indigenous, chicken",1975,1281477
South America,"Meat indigenous, chicken",1976,1371068
South America,"Meat indigenous, chicken",1977,1491035
South America,"Meat indigenous, chicken",1978,1670901
South America,"Meat indigenous, chicken",1979,1973092
South America,"Meat indigenous, chicken",1980,2361874
South America,"Meat indigenous, chicken",1981,2581806
South America,"Meat indigenous, chicken",1982,2794302
South America,"Meat indigenous, chicken",1983,2734671
South America,"Meat indigenous, chicken",1984,2532819
South America,"Meat indigenous, chicken",1985,2708126
South America,"Meat indigenous, chicken",1986,2920493
South America,"Meat indigenous, chicken",1987,3269526
South America,"Meat indigenous, chicken",1988,3519800
South America,"Meat indigenous, chicken",1989,3424977
South America,"Meat indigenous, chicken",1990,3774152
South America,"Meat indigenous, chicken",1991,4337336
South America,"Meat indigenous, chicken",1992,4802034
South America,"Meat indigenous, chicken",1993,5368425
South America,"Meat indigenous, chicken",1994,5848144
South America,"Meat indigenous, chicken",1995,6737333
South America,"Meat indigenous, chicken",1996,6766328
South America,"Meat indigenous, chicken",1997,7292496
South America,"Meat indigenous, chicken",1998,7892252
South America,"Meat indigenous, chicken",1999,8804772
South America,"Meat indigenous, chicken",2000,9467720
South America,"Meat indigenous, chicken",2001,9988262
South America,"Meat indigenous, chicken",2002,10665039
South America,"Meat indigenous, chicken",2003,11248040
South America,"Meat indigenous, chicken",2004,12427579
South America,"Meat indigenous, chicken",2005,12023526
South America,"Meat indigenous, chicken",2006,12834911
South America,"Meat indigenous, chicken",2007,13937691
South America,"Meat indigenous, chicken",2008,15589651
South America,"Meat indigenous, chicken",2009,15622412
South America,"Meat indigenous, chicken",2010,16841101
South America,"Meat indigenous, chicken",2011,17844524
South America,"Meat indigenous, chicken",2012,18160095
South America,"Meat indigenous, chicken",2013,19361859
South America,"Meat indigenous, goat",1961,64106
South America,"Meat indigenous, goat",1962,67094
South America,"Meat indigenous, goat",1963,65670
South America,"Meat indigenous, goat",1964,66623
South America,"Meat indigenous, goat",1965,67446
South America,"Meat indigenous, goat",1966,72081
South America,"Meat indigenous, goat",1967,62718
South America,"Meat indigenous, goat",1968,62044
South America,"Meat indigenous, goat",1969,63034
South America,"Meat indigenous, goat",1970,63496
South America,"Meat indigenous, goat",1971,64530
South America,"Meat indigenous, goat",1972,64273
South America,"Meat indigenous, goat",1973,64971
South America,"Meat indigenous, goat",1974,62995
South America,"Meat indigenous, goat",1975,62165
South America,"Meat indigenous, goat",1976,60930
South America,"Meat indigenous, goat",1977,61617
South America,"Meat indigenous, goat",1978,61552
South America,"Meat indigenous, goat",1979,61439
South America,"Meat indigenous, goat",1980,57814
South America,"Meat indigenous, goat",1981,58303
South America,"Meat indigenous, goat",1982,58338
South America,"Meat indigenous, goat",1983,57314
South America,"Meat indigenous, goat",1984,55717
South America,"Meat indigenous, goat",1985,59580
South America,"Meat indigenous, goat",1986,58718
South America,"Meat indigenous, goat",1987,62521
South America,"Meat indigenous, goat",1988,67333
South America,"Meat indigenous, goat",1989,69873
South America,"Meat indigenous, goat",1990,70131
South America,"Meat indigenous, goat",1991,72481
South America,"Meat indigenous, goat",1992,72550
South America,"Meat indigenous, goat",1993,75146
South America,"Meat indigenous, goat",1994,72971
South America,"Meat indigenous, goat",1995,83635
South America,"Meat indigenous, goat",1996,61057
South America,"Meat indigenous, goat",1997,67608
South America,"Meat indigenous, goat",1998,69705
South America,"Meat indigenous, goat",1999,70046
South America,"Meat indigenous, goat",2000,72133
South America,"Meat indigenous, goat",2001,68680
South America,"Meat indigenous, goat",2002,70570
South America,"Meat indigenous, goat",2003,69844
South America,"Meat indigenous, goat",2004,70666
South America,"Meat indigenous, goat",2005,71086
South America,"Meat indigenous, goat",2006,71432
South America,"Meat indigenous, goat",2007,72059
South America,"Meat indigenous, goat",2008,71600
South America,"Meat indigenous, goat",2009,70669
South America,"Meat indigenous, goat",2010,71606
South America,"Meat indigenous, goat",2011,72062
South America,"Meat indigenous, goat",2012,73037
South America,"Meat indigenous, goat",2013,73499
South America,"Meat indigenous, pig",1961,986239
South America,"Meat indigenous, pig",1962,1013026
South America,"Meat indigenous, pig",1963,995821
South America,"Meat indigenous, pig",1964,1000868
South America,"Meat indigenous, pig",1965,1080202
South America,"Meat indigenous, pig",1966,1175832
South America,"Meat indigenous, pig",1967,1183474
South America,"Meat indigenous, pig",1968,1206192
South America,"Meat indigenous, pig",1969,1240470
South America,"Meat indigenous, pig",1970,1305808
South America,"Meat indigenous, pig",1971,1397471
South America,"Meat indigenous, pig",1972,1347266
South America,"Meat indigenous, pig",1973,1356269
South America,"Meat indigenous, pig",1974,1370087
South America,"Meat indigenous, pig",1975,1436614
South America,"Meat indigenous, pig",1976,1474440
South America,"Meat indigenous, pig",1977,1512559
South America,"Meat indigenous, pig",1978,1525736
South America,"Meat indigenous, pig",1979,1630223
South America,"Meat indigenous, pig",1980,1740231
South America,"Meat indigenous, pig",1981,1756570
South America,"Meat indigenous, pig",1982,1636649
South America,"Meat indigenous, pig",1983,1666977
South America,"Meat indigenous, pig",1984,1541047
South America,"Meat indigenous, pig",1985,1576785
South America,"Meat indigenous, pig",1986,1677022
South America,"Meat indigenous, pig",1987,2067703
South America,"Meat indigenous, pig",1988,2003604
South America,"Meat indigenous, pig",1989,1899886
South America,"Meat indigenous, pig",1990,1900167
South America,"Meat indigenous, pig",1991,2071216
South America,"Meat indigenous, pig",1992,2195508
South America,"Meat indigenous, pig",1993,2511470
South America,"Meat indigenous, pig",1994,2764990
South America,"Meat indigenous, pig",1995,2886564
South America,"Meat indigenous, pig",1996,2961044
South America,"Meat indigenous, pig",1997,3099060
South America,"Meat indigenous, pig",1998,3442325
South America,"Meat indigenous, pig",1999,3556261
South America,"Meat indigenous, pig",2000,3773830
South America,"Meat indigenous, pig",2001,3854260
South America,"Meat indigenous, pig",2002,4052222
South America,"Meat indigenous, pig",2003,4341465
South America,"Meat indigenous, pig",2004,4409296
South America,"Meat indigenous, pig",2005,4929805
South America,"Meat indigenous, pig",2006,4371812
South America,"Meat indigenous, pig",2007,4648065
South America,"Meat indigenous, pig",2008,4754334
South America,"Meat indigenous, pig",2009,4807725
South America,"Meat indigenous, pig",2010,4938661
South America,"Meat indigenous, pig",2011,5083702
South America,"Meat indigenous, pig",2012,5318506
South America,"Meat indigenous, pig",2013,5368924
South America,"Meat indigenous, sheep",1961,317111
South America,"Meat indigenous, sheep",1962,319974
South America,"Meat indigenous, sheep",1963,298568
South America,"Meat indigenous, sheep",1964,282739
South America,"Meat indigenous, sheep",1965,323208
South America,"Meat indigenous, sheep",1966,356412
South America,"Meat indigenous, sheep",1967,360760
South America,"Meat indigenous, sheep",1968,392860
South America,"Meat indigenous, sheep",1969,367174
South America,"Meat indigenous, sheep",1970,378069
South America,"Meat indigenous, sheep",1971,366310
South America,"Meat indigenous, sheep",1972,305169
South America,"Meat indigenous, sheep",1973,280289
South America,"Meat indigenous, sheep",1974,274756
South America,"Meat indigenous, sheep",1975,285615
South America,"Meat indigenous, sheep",1976,286674
South America,"Meat indigenous, sheep",1977,282427
South America,"Meat indigenous, sheep",1978,269300
South America,"Meat indigenous, sheep",1979,267630
South America,"Meat indigenous, sheep",1980,247277
South America,"Meat indigenous, sheep",1981,269431
South America,"Meat indigenous, sheep",1982,265554
South America,"Meat indigenous, sheep",1983,271214
South America,"Meat indigenous, sheep",1984,262837
South America,"Meat indigenous, sheep",1985,256740
South America,"Meat indigenous, sheep",1986,274805
South America,"Meat indigenous, sheep",1987,274424
South America,"Meat indigenous, sheep",1988,283703
South America,"Meat indigenous, sheep",1989,284457
South America,"Meat indigenous, sheep",1990,298041
South America,"Meat indigenous, sheep",1991,295487
South America,"Meat indigenous, sheep",1992,275299
South America,"Meat indigenous, sheep",1993,276924
South America,"Meat indigenous, sheep",1994,301791
South America,"Meat indigenous, sheep",1995,285532
South America,"Meat indigenous, sheep",1996,262625
South America,"Meat indigenous, sheep",1997,256779
South America,"Meat indigenous, sheep",1998,241048
South America,"Meat indigenous, sheep",1999,247284
South America,"Meat indigenous, sheep",2000,254833
South America,"Meat indigenous, sheep",2001,252574
South America,"Meat indigenous, sheep",2002,229817
South America,"Meat indigenous, sheep",2003,235130
South America,"Meat indigenous, sheep",2004,242079
South America,"Meat indigenous, sheep",2005,248023
South America,"Meat indigenous, sheep",2006,252018
South America,"Meat indigenous, sheep",2007,244325
South America,"Meat indigenous, sheep",2008,241256
South America,"Meat indigenous, sheep",2009,236035
South America,"Meat indigenous, sheep",2010,234603
South America,"Meat indigenous, sheep",2011,242585
South America,"Meat indigenous, sheep",2012,244644
South America,"Meat indigenous, sheep",2013,243745
Asia,"Meat indigenous, cattle",1961,1742935
Asia,"Meat indigenous, cattle",1962,1825074
Asia,"Meat indigenous, cattle",1963,1895782
Asia,"Meat indigenous, cattle",1964,2009250
Asia,"Meat indigenous, cattle",1965,2031408
Asia,"Meat indigenous, cattle",1966,2038322
Asia,"Meat indigenous, cattle",1967,2070381
Asia,"Meat indigenous, cattle",1968,2116627
Asia,"Meat indigenous, cattle",1969,2248871
Asia,"Meat indigenous, cattle",1970,2342505
Asia,"Meat indigenous, cattle",1971,2401856
Asia,"Meat indigenous, cattle",1972,2476603
Asia,"Meat indigenous, cattle",1973,2486854
Asia,"Meat indigenous, cattle",1974,2755124
Asia,"Meat indigenous, cattle",1975,2811432
Asia,"Meat indigenous, cattle",1976,2785679
Asia,"Meat indigenous, cattle",1977,2913399
Asia,"Meat indigenous, cattle",1978,3009163
Asia,"Meat indigenous, cattle",1979,3145773
Asia,"Meat indigenous, cattle",1980,3189480
Asia,"Meat indigenous, cattle",1981,3276940
Asia,"Meat indigenous, cattle",1982,3405583
Asia,"Meat indigenous, cattle",1983,3457191
Asia,"Meat indigenous, cattle",1984,3851709
Asia,"Meat indigenous, cattle",1985,3911962
Asia,"Meat indigenous, cattle",1986,4234463
Asia,"Meat indigenous, cattle",1987,4393468
Asia,"Meat indigenous, cattle",1988,4532167
Asia,"Meat indigenous, cattle",1989,4738627
Asia,"Meat indigenous, cattle",1990,4899265
Asia,"Meat indigenous, cattle",1991,5190679
Asia,"Meat indigenous, cattle",1992,6794661
Asia,"Meat indigenous, cattle",1993,7415916
Asia,"Meat indigenous, cattle",1994,7650445
Asia,"Meat indigenous, cattle",1995,7935416
Asia,"Meat indigenous, cattle",1996,8320108
Asia,"Meat indigenous, cattle",1997,9184674
Asia,"Meat indigenous, cattle",1998,9626543
Asia,"Meat indigenous, cattle",1999,9672572
Asia,"Meat indigenous, cattle",2000,10040300
Asia,"Meat indigenous, cattle",2001,9931995
Asia,"Meat indigenous, cattle",2002,10248086
Asia,"Meat indigenous, cattle",2003,10530859
Asia,"Meat indigenous, cattle",2004,10961052
Asia,"Meat indigenous, cattle",2005,11033598
Asia,"Meat indigenous, cattle",2006,11462387
Asia,"Meat indigenous, cattle",2007,12101934
Asia,"Meat indigenous, cattle",2008,12191948
Asia,"Meat indigenous, cattle",2009,12534430
Asia,"Meat indigenous, cattle",2010,13131378
Asia,"Meat indigenous, cattle",2011,13288912
Asia,"Meat indigenous, cattle",2012,13666339
Asia,"Meat indigenous, cattle",2013,13962937
Asia,"Meat indigenous, chicken",1961,1223522
Asia,"Meat indigenous, chicken",1962,1287277
Asia,"Meat indigenous, chicken",1963,1373286
Asia,"Meat indigenous, chicken",1964,1424835
Asia,"Meat indigenous, chicken",1965,1528112
Asia,"Meat indigenous, chicken",1966,1630440
Asia,"Meat indigenous, chicken",1967,1781124
Asia,"Meat indigenous, chicken",1968,1930555
Asia,"Meat indigenous, chicken",1969,2093534
Asia,"Meat indigenous, chicken",1970,2234927
Asia,"Meat indigenous, chicken",1971,2402385
Asia,"Meat indigenous, chicken",1972,2636448
Asia,"Meat indigenous, chicken",1973,2807233
Asia,"Meat indigenous, chicken",1974,2933486
Asia,"Meat indigenous, chicken",1975,3097800
Asia,"Meat indigenous, chicken",1976,3280903
Asia,"Meat indigenous, chicken",1977,3523437
Asia,"Meat indigenous, chicken",1978,3874984
Asia,"Meat indigenous, chicken",1979,4213320
Asia,"Meat indigenous, chicken",1980,4442343
Asia,"Meat indigenous, chicken",1981,4722693
Asia,"Meat indigenous, chicken",1982,5132498
Asia,"Meat indigenous, chicken",1983,5451289
Asia,"Meat indigenous, chicken",1984,5616039
Asia,"Meat indigenous, chicken",1985,5972548
Asia,"Meat indigenous, chicken",1986,6545840
Asia,"Meat indigenous, chicken",1987,7185432
Asia,"Meat indigenous, chicken",1988,7848058
Asia,"Meat indigenous, chicken",1989,8107421
Asia,"Meat indigenous, chicken",1990,8508748
Asia,"Meat indigenous, chicken",1991,9452929
Asia,"Meat indigenous, chicken",1992,10752886
Asia,"Meat indigenous, chicken",1993,12066854
Asia,"Meat indigenous, chicken",1994,12899073
Asia,"Meat indigenous, chicken",1995,14041732
Asia,"Meat indigenous, chicken",1996,14311268
Asia,"Meat indigenous, chicken",1997,15774410
Asia,"Meat indigenous, chicken",1998,16379798
Asia,"Meat indigenous, chicken",1999,16992457
Asia,"Meat indigenous, chicken",2000,18589945
Asia,"Meat indigenous, chicken",2001,18996431
Asia,"Meat indigenous, chicken",2002,20126353
Asia,"Meat indigenous, chicken",2003,21178460
Asia,"Meat indigenous, chicken",2004,21226010
Asia,"Meat indigenous, chicken",2005,22442272
Asia,"Meat indigenous, chicken",2006,23503223
Asia,"Meat indigenous, chicken",2007,25010980
Asia,"Meat indigenous, chicken",2008,26303592
Asia,"Meat indigenous, chicken",2009,28084334
Asia,"Meat indigenous, chicken",2010,29162987
Asia,"Meat indigenous, chicken",2011,30286576
Asia,"Meat indigenous, chicken",2012,31552195
Asia,"Meat indigenous, chicken",2013,32209580
Asia,"Meat indigenous, goat",1961,584220
Asia,"Meat indigenous, goat",1962,601021
Asia,"Meat indigenous, goat",1963,609768
Asia,"Meat indigenous, goat",1964,622958
Asia,"Meat indigenous, goat",1965,637944
Asia,"Meat indigenous, goat",1966,660295
Asia,"Meat indigenous, goat",1967,671716
Asia,"Meat indigenous, goat",1968,676557
Asia,"Meat indigenous, goat",1969,693148
Asia,"Meat indigenous, goat",1970,701425
Asia,"Meat indigenous, goat",1971,736611
Asia,"Meat indigenous, goat",1972,754048
Asia,"Meat indigenous, goat",1973,790929
Asia,"Meat indigenous, goat",1974,825916
Asia,"Meat indigenous, goat",1975,871627
Asia,"Meat indigenous, goat",1976,878356
Asia,"Meat indigenous, goat",1977,894279
Asia,"Meat indigenous, goat",1978,936688
Asia,"Meat indigenous, goat",1979,964501
Asia,"Meat indigenous, goat",1980,983239
Asia,"Meat indigenous, goat",1981,1044675
Asia,"Meat indigenous, goat",1982,1105119
Asia,"Meat indigenous, goat",1983,1179882
Asia,"Meat indigenous, goat",1984,1232274
Asia,"Meat indigenous, goat",1985,1285648
Asia,"Meat indigenous, goat",1986,1338824
Asia,"Meat indigenous, goat",1987,1476468
Asia,"Meat indigenous, goat",1988,1527665
Asia,"Meat indigenous, goat",1989,1646599
Asia,"Meat indigenous, goat",1990,1728968
Asia,"Meat indigenous, goat",1991,1799853
Asia,"Meat indigenous, goat",1992,1883214
Asia,"Meat indigenous, goat",1993,1991446
Asia,"Meat indigenous, goat",1994,2074649
Asia,"Meat indigenous, goat",1995,2267794
Asia,"Meat indigenous, goat",1996,2107107
Asia,"Meat indigenous, goat",1997,2268607
Asia,"Meat indigenous, goat",1998,2480629
Asia,"Meat indigenous, goat",1999,2565837
Asia,"Meat indigenous, goat",2000,2565559
Asia,"Meat indigenous, goat",2001,2564686
Asia,"Meat indigenous, goat",2002,2559871
Asia,"Meat indigenous, goat",2003,2782147
Asia,"Meat indigenous, goat",2004,3047272
Asia,"Meat indigenous, goat",2005,3221822
Asia,"Meat indigenous, goat",2006,3162191
Asia,"Meat indigenous, goat",2007,3265936
Asia,"Meat indigenous, goat",2008,3389593
Asia,"Meat indigenous, goat",2009,3468907
Asia,"Meat indigenous, goat",2010,3592673
Asia,"Meat indigenous, goat",2011,3590430
Asia,"Meat indigenous, goat",2012,3710956
Asia,"Meat indigenous, goat",2013,3774536
Asia,"Meat indigenous, pig",1961,2904981
Asia,"Meat indigenous, pig",1962,3494128
Asia,"Meat indigenous, pig",1963,5047868
Asia,"Meat indigenous, pig",1964,6391123
Asia,"Meat indigenous, pig",1965,7269445
Asia,"Meat indigenous, pig",1966,8021337
Asia,"Meat indigenous, pig",1967,8426019
Asia,"Meat indigenous, pig",1968,8387948
Asia,"Meat indigenous, pig",1969,8278100
Asia,"Meat indigenous, pig",1970,8446789
Asia,"Meat indigenous, pig",1971,9530791
Asia,"Meat indigenous, pig",1972,10360162
Asia,"Meat indigenous, pig",1973,10573670
Asia,"Meat indigenous, pig",1974,10594465
Asia,"Meat indigenous, pig",1975,10654982
Asia,"Meat indigenous, pig",1976,10718054
Asia,"Meat indigenous, pig",1977,10893934
Asia,"Meat indigenous, pig",1978,12005246
Asia,"Meat indigenous, pig",1979,14422338
Asia,"Meat indigenous, pig",1980,15881524
Asia,"Meat indigenous, pig",1981,16511147
Asia,"Meat indigenous, pig",1982,17477767
Asia,"Meat indigenous, pig",1983,18191107
Asia,"Meat indigenous, pig",1984,20720725
Asia,"Meat indigenous, pig",1985,22273699
Asia,"Meat indigenous, pig",1986,22910585
Asia,"Meat indigenous, pig",1987,24443449
Asia,"Meat indigenous, pig",1988,26233292
Asia,"Meat indigenous, pig",1989,27547168
Asia,"Meat indigenous, pig",1990,29413991
Asia,"Meat indigenous, pig",1991,31043778
Asia,"Meat indigenous, pig",1992,33266550
Asia,"Meat indigenous, pig",1993,34644118
Asia,"Meat indigenous, pig",1994,37053878
Asia,"Meat indigenous, pig",1995,37796665
Asia,"Meat indigenous, pig",1996,38155667
Asia,"Meat indigenous, pig",1997,39335628
Asia,"Meat indigenous, pig",1998,41408366
Asia,"Meat indigenous, pig",1999,41904249
Asia,"Meat indigenous, pig",2000,44068418
Asia,"Meat indigenous, pig",2001,44552516
Asia,"Meat indigenous, pig",2002,46000300
Asia,"Meat indigenous, pig",2003,48471003
Asia,"Meat indigenous, pig",2004,49005313
Asia,"Meat indigenous, pig",2005,50857551
Asia,"Meat indigenous, pig",2006,53228929
Asia,"Meat indigenous, pig",2007,53807348
Asia,"Meat indigenous, pig",2008,55740365
Asia,"Meat indigenous, pig",2009,58303490
Asia,"Meat indigenous, pig",2010,60146621
Asia,"Meat indigenous, pig",2011,59788377
Asia,"Meat indigenous, pig",2012,62880652
Asia,"Meat indigenous, pig",2013,64456569
Asia,"Meat indigenous, sheep",1961,861245
Asia,"Meat indigenous, sheep",1962,870706
Asia,"Meat indigenous, sheep",1963,894084
Asia,"Meat indigenous, sheep",1964,906195
Asia,"Meat indigenous, sheep",1965,945853
Asia,"Meat indigenous, sheep",1966,985954
Asia,"Meat indigenous, sheep",1967,995135
Asia,"Meat indigenous, sheep",1968,986865
Asia,"Meat indigenous, sheep",1969,1023228
Asia,"Meat indigenous, sheep",1970,1041560
Asia,"Meat indigenous, sheep",1971,1055585
Asia,"Meat indigenous, sheep",1972,1029802
Asia,"Meat indigenous, sheep",1973,1074520
Asia,"Meat indigenous, sheep",1974,1106940
Asia,"Meat indigenous, sheep",1975,1179324
Asia,"Meat indigenous, sheep",1976,1175980
Asia,"Meat indigenous, sheep",1977,1195703
Asia,"Meat indigenous, sheep",1978,1292147
Asia,"Meat indigenous, sheep",1979,1265346
Asia,"Meat indigenous, sheep",1980,1314061
Asia,"Meat indigenous, sheep",1981,1409066
Asia,"Meat indigenous, sheep",1982,1510233
Asia,"Meat indigenous, sheep",1983,1553634
Asia,"Meat indigenous, sheep",1984,1599694
Asia,"Meat indigenous, sheep",1985,1573926
Asia,"Meat indigenous, sheep",1986,1624368
Asia,"Meat indigenous, sheep",1987,1677771
Asia,"Meat indigenous, sheep",1988,1775983
Asia,"Meat indigenous, sheep",1989,1899841
Asia,"Meat indigenous, sheep",1990,1987080
Asia,"Meat indigenous, sheep",1991,2071725
Asia,"Meat indigenous, sheep",1992,2536590
Asia,"Meat indigenous, sheep",1993,2673043
Asia,"Meat indigenous, sheep",1994,2793454
Asia,"Meat indigenous, sheep",1995,2889090
Asia,"Meat indigenous, sheep",1996,2859131
Asia,"Meat indigenous, sheep",1997,3050067
Asia,"Meat indigenous, sheep",1998,3146079
Asia,"Meat indigenous, sheep",1999,3229886
Asia,"Meat indigenous, sheep",2000,3433472
Asia,"Meat indigenous, sheep",2001,3430084
Asia,"Meat indigenous, sheep",2002,3594161
Asia,"Meat indigenous, sheep",2003,3615543
Asia,"Meat indigenous, sheep",2004,3712526
Asia,"Meat indigenous, sheep",2005,3810704
Asia,"Meat indigenous, sheep",2006,3928591
Asia,"Meat indigenous, sheep",2007,4065071
Asia,"Meat indigenous, sheep",2008,3933898
Asia,"Meat indigenous, sheep",2009,3966700
Asia,"Meat indigenous, sheep",2010,3930342
Asia,"Meat indigenous, sheep",2011,3962918
Asia,"Meat indigenous, sheep",2012,4022138
Asia,"Meat indigenous, sheep",2013,4107429
Europe,"Meat indigenous, cattle",1961,9743297
Europe,"Meat indigenous, cattle",1962,10560675
Europe,"Meat indigenous, cattle",1963,11080430
Europe,"Meat indigenous, cattle",1964,10616211
Europe,"Meat indigenous, cattle",1965,10917157
Europe,"Meat indigenous, cattle",1966,12005826
Europe,"Meat indigenous, cattle",1967,13304686
Europe,"Meat indigenous, cattle",1968,14011498
Europe,"Meat indigenous, cattle",1969,14146007
Europe,"Meat indigenous, cattle",1970,14242322
Europe,"Meat indigenous, cattle",1971,14441710
Europe,"Meat indigenous, cattle",1972,14001451
Europe,"Meat indigenous, cattle",1973,14463885
Europe,"Meat indigenous, cattle",1974,16432335
Europe,"Meat indigenous, cattle",1975,16829938
Europe,"Meat indigenous, cattle",1976,16714093
Europe,"Meat indigenous, cattle",1977,16874086
Europe,"Meat indigenous, cattle",1978,17192036
Europe,"Meat indigenous, cattle",1979,17488352
Europe,"Meat indigenous, cattle",1980,17511343
Europe,"Meat indigenous, cattle",1981,17071919
Europe,"Meat indigenous, cattle",1982,16898333
Europe,"Meat indigenous, cattle",1983,17530011
Europe,"Meat indigenous, cattle",1984,18453271
Europe,"Meat indigenous, cattle",1985,18549137
Europe,"Meat indigenous, cattle",1986,19151254
Europe,"Meat indigenous, cattle",1987,19654668
Europe,"Meat indigenous, cattle",1988,19329274
Europe,"Meat indigenous, cattle",1989,19322817
Europe,"Meat indigenous, cattle",1990,20024856
Europe,"Meat indigenous, cattle",1991,19861976
Europe,"Meat indigenous, cattle",1992,17198395
Europe,"Meat indigenous, cattle",1993,15850694
Europe,"Meat indigenous, cattle",1994,15099309
Europe,"Meat indigenous, cattle",1995,14242713
Europe,"Meat indigenous, cattle",1996,13792241
Europe,"Meat indigenous, cattle",1997,13272463
Europe,"Meat indigenous, cattle",1998,12715487
Europe,"Meat indigenous, cattle",1999,12288734
Europe,"Meat indigenous, cattle",2000,11915053
Europe,"Meat indigenous, cattle",2001,11489795
Europe,"Meat indigenous, cattle",2002,11762441
Europe,"Meat indigenous, cattle",2003,11764472
Europe,"Meat indigenous, cattle",2004,11647386
Europe,"Meat indigenous, cattle",2005,11192622
Europe,"Meat indigenous, cattle",2006,11133004
Europe,"Meat indigenous, cattle",2007,11134206
Europe,"Meat indigenous, cattle",2008,11136631
Europe,"Meat indigenous, cattle",2009,11004669
Europe,"Meat indigenous, cattle",2010,11232457
Europe,"Meat indigenous, cattle",2011,10982098
Europe,"Meat indigenous, cattle",2012,10592966
Europe,"Meat indigenous, cattle",2013,10424825
Europe,"Meat indigenous, chicken",1961,2686639
Europe,"Meat indigenous, chicken",1962,2866007
Europe,"Meat indigenous, chicken",1963,3062844
Europe,"Meat indigenous, chicken",1964,3117505
Europe,"Meat indigenous, chicken",1965,3384116
Europe,"Meat indigenous, chicken",1966,3512774
Europe,"Meat indigenous, chicken",1967,3699883
Europe,"Meat indigenous, chicken",1968,3876362
Europe,"Meat indigenous, chicken",1969,4258453
Europe,"Meat indigenous, chicken",1970,4842766
Europe,"Meat indigenous, chicken",1971,5073093
Europe,"Meat indigenous, chicken",1972,5480759
Europe,"Meat indigenous, chicken",1973,5858614
Europe,"Meat indigenous, chicken",1974,6104778
Europe,"Meat indigenous, chicken",1975,6387235
Europe,"Meat indigenous, chicken",1976,6639104
Europe,"Meat indigenous, chicken",1977,7181517
Europe,"Meat indigenous, chicken",1978,7596934
Europe,"Meat indigenous, chicken",1979,7974130
Europe,"Meat indigenous, chicken",1980,8266405
Europe,"Meat indigenous, chicken",1981,8684348
Europe,"Meat indigenous, chicken",1982,8807581
Europe,"Meat indigenous, chicken",1983,8825359
Europe,"Meat indigenous, chicken",1984,8929728
Europe,"Meat indigenous, chicken",1985,9152159
Europe,"Meat indigenous, chicken",1986,9454788
Europe,"Meat indigenous, chicken",1987,9944173
Europe,"Meat indigenous, chicken",1988,10178282
Europe,"Meat indigenous, chicken",1989,10169316
Europe,"Meat indigenous, chicken",1990,10201273
Europe,"Meat indigenous, chicken",1991,9862613
Europe,"Meat indigenous, chicken",1992,9048667
Europe,"Meat indigenous, chicken",1993,8765749
Europe,"Meat indigenous, chicken",1994,8768601
Europe,"Meat indigenous, chicken",1995,8673376
Europe,"Meat indigenous, chicken",1996,8837569
Europe,"Meat indigenous, chicken",1997,8869757
Europe,"Meat indigenous, chicken",1998,9365313
Europe,"Meat indigenous, chicken",1999,9329157
Europe,"Meat indigenous, chicken",2000,9464648
Europe,"Meat indigenous, chicken",2001,10106730
Europe,"Meat indigenous, chicken",2002,10416800
Europe,"Meat indigenous, chicken",2003,10141457
Europe,"Meat indigenous, chicken",2004,10365782
Europe,"Meat indigenous, chicken",2005,10878817
Europe,"Meat indigenous, chicken",2006,10824823
Europe,"Meat indigenous, chicken",2007,11597451
Europe,"Meat indigenous, chicken",2008,12036548
Europe,"Meat indigenous, chicken",2009,13278836
Europe,"Meat indigenous, chicken",2010,13872902
Europe,"Meat indigenous, chicken",2011,14574993
Europe,"Meat indigenous, chicken",2012,15513319
Europe,"Meat indigenous, chicken",2013,16072299
Europe,"Meat indigenous, goat",1961,121072
Europe,"Meat indigenous, goat",1962,122152
Europe,"Meat indigenous, goat",1963,116761
Europe,"Meat indigenous, goat",1964,112127
Europe,"Meat indigenous, goat",1965,114891
Europe,"Meat indigenous, goat",1966,108964
Europe,"Meat indigenous, goat",1967,110075
Europe,"Meat indigenous, goat",1968,113647
Europe,"Meat indigenous, goat",1969,113943
Europe,"Meat indigenous, goat",1970,111382
Europe,"Meat indigenous, goat",1971,110588
Europe,"Meat indigenous, goat",1972,107239
Europe,"Meat indigenous, goat",1973,105649
Europe,"Meat indigenous, goat",1974,112884
Europe,"Meat indigenous, goat",1975,112539
Europe,"Meat indigenous, goat",1976,115097
Europe,"Meat indigenous, goat",1977,118557
Europe,"Meat indigenous, goat",1978,123580
Europe,"Meat indigenous, goat",1979,107615
Europe,"Meat indigenous, goat",1980,116074
Europe,"Meat indigenous, goat",1981,122123
Europe,"Meat indigenous, goat",1982,119518
Europe,"Meat indigenous, goat",1983,122713
Europe,"Meat indigenous, goat",1984,130531
Europe,"Meat indigenous, goat",1985,123093
Europe,"Meat indigenous, goat",1986,126489
Europe,"Meat indigenous, goat",1987,132056
Europe,"Meat indigenous, goat",1988,136372
Europe,"Meat indigenous, goat",1989,128593
Europe,"Meat indigenous, goat",1990,138421
Europe,"Meat indigenous, goat",1991,132164
Europe,"Meat indigenous, goat",1992,135998
Europe,"Meat indigenous, goat",1993,141097
Europe,"Meat indigenous, goat",1994,140867
Europe,"Meat indigenous, goat",1995,131021
Europe,"Meat indigenous, goat",1996,136232
Europe,"Meat indigenous, goat",1997,131523
Europe,"Meat indigenous, goat",1998,132784
Europe,"Meat indigenous, goat",1999,133137
Europe,"Meat indigenous, goat",2000,125257
Europe,"Meat indigenous, goat",2001,121500
Europe,"Meat indigenous, goat",2002,123226
Europe,"Meat indigenous, goat",2003,128099
Europe,"Meat indigenous, goat",2004,137714
Europe,"Meat indigenous, goat",2005,133409
Europe,"Meat indigenous, goat",2006,127006
Europe,"Meat indigenous, goat",2007,129311
Europe,"Meat indigenous, goat",2008,126359
Europe,"Meat indigenous, goat",2009,127741
Europe,"Meat indigenous, goat",2010,130839
Europe,"Meat indigenous, goat",2011,126423
Europe,"Meat indigenous, goat",2012,122825
Europe,"Meat indigenous, goat",2013,113335
Europe,"Meat indigenous, pig",1961,14259679
Europe,"Meat indigenous, pig",1962,14745450
Europe,"Meat indigenous, pig",1963,14672931
Europe,"Meat indigenous, pig",1964,14094642
Europe,"Meat indigenous, pig",1965,16358940
Europe,"Meat indigenous, pig",1966,16499417
Europe,"Meat indigenous, pig",1967,16852294
Europe,"Meat indigenous, pig",1968,17194775
Europe,"Meat indigenous, pig",1969,17042089
Europe,"Meat indigenous, pig",1970,18085343
Europe,"Meat indigenous, pig",1971,19791276
Europe,"Meat indigenous, pig",1972,20650815
Europe,"Meat indigenous, pig",1973,20559784
Europe,"Meat indigenous, pig",1974,21949967
Europe,"Meat indigenous, pig",1975,22153358
Europe,"Meat indigenous, pig",1976,20613976
Europe,"Meat indigenous, pig",1977,22056111
Europe,"Meat indigenous, pig",1978,23423394
Europe,"Meat indigenous, pig",1979,24088223
Europe,"Meat indigenous, pig",1980,24388627
Europe,"Meat indigenous, pig",1981,24415368
Europe,"Meat indigenous, pig",1982,24448684
Europe,"Meat indigenous, pig",1983,25372669
Europe,"Meat indigenous, pig",1984,25990193
Europe,"Meat indigenous, pig",1985,26115053
Europe,"Meat indigenous, pig",1986,26763212
Europe,"Meat indigenous, pig",1987,27557514
Europe,"Meat indigenous, pig",1988,28537428
Europe,"Meat indigenous, pig",1989,28345818
Europe,"Meat indigenous, pig",1990,28540828
Europe,"Meat indigenous, pig",1991,27650719
Europe,"Meat indigenous, pig",1992,25973134
Europe,"Meat indigenous, pig",1993,25805424
Europe,"Meat indigenous, pig",1994,24961515
Europe,"Meat indigenous, pig",1995,24780356
Europe,"Meat indigenous, pig",1996,25178243
Europe,"Meat indigenous, pig",1997,24455062
Europe,"Meat indigenous, pig",1998,25778865
Europe,"Meat indigenous, pig",1999,26267683
Europe,"Meat indigenous, pig",2000,25435263
Europe,"Meat indigenous, pig",2001,24956267
Europe,"Meat indigenous, pig",2002,25342965
Europe,"Meat indigenous, pig",2003,25872605
Europe,"Meat indigenous, pig",2004,25365716
Europe,"Meat indigenous, pig",2005,25194688
Europe,"Meat indigenous, pig",2006,25157172
Europe,"Meat indigenous, pig",2007,26384083
Europe,"Meat indigenous, pig",2008,26305337
Europe,"Meat indigenous, pig",2009,25808876
Europe,"Meat indigenous, pig",2010,26939144
Europe,"Meat indigenous, pig",2011,26803633
Europe,"Meat indigenous, pig",2012,26476377
Europe,"Meat indigenous, pig",2013,26503812
Europe,"Meat indigenous, sheep",1961,1837590
Europe,"Meat indigenous, sheep",1962,1904745
Europe,"Meat indigenous, sheep",1963,1925351
Europe,"Meat indigenous, sheep",1964,1891380
Europe,"Meat indigenous, sheep",1965,1858003
Europe,"Meat indigenous, sheep",1966,1949820
Europe,"Meat indigenous, sheep",1967,1924548
Europe,"Meat indigenous, sheep",1968,1912843
Europe,"Meat indigenous, sheep",1969,1834560
Europe,"Meat indigenous, sheep",1970,1907682
Europe,"Meat indigenous, sheep",1971,1896640
Europe,"Meat indigenous, sheep",1972,1826632
Europe,"Meat indigenous, sheep",1973,1892082
Europe,"Meat indigenous, sheep",1974,1971345
Europe,"Meat indigenous, sheep",1975,1991070
Europe,"Meat indigenous, sheep",1976,1893045
Europe,"Meat indigenous, sheep",1977,1903744
Europe,"Meat indigenous, sheep",1978,1949827
Europe,"Meat indigenous, sheep",1979,1938279
Europe,"Meat indigenous, sheep",1980,2052751
Europe,"Meat indigenous, sheep",1981,2007464
Europe,"Meat indigenous, sheep",1982,1993205
Europe,"Meat indigenous, sheep",1983,2044854
Europe,"Meat indigenous, sheep",1984,2100032
Europe,"Meat indigenous, sheep",1985,2096165
Europe,"Meat indigenous, sheep",1986,2118901
Europe,"Meat indigenous, sheep",1987,2174257
Europe,"Meat indigenous, sheep",1988,2288911
Europe,"Meat indigenous, sheep",1989,2363755
Europe,"Meat indigenous, sheep",1990,2439172
Europe,"Meat indigenous, sheep",1991,2389659
Europe,"Meat indigenous, sheep",1992,1791527
Europe,"Meat indigenous, sheep",1993,1768307
Europe,"Meat indigenous, sheep",1994,1687336
Europe,"Meat indigenous, sheep",1995,1604182
Europe,"Meat indigenous, sheep",1996,1555959
Europe,"Meat indigenous, sheep",1997,1453601
Europe,"Meat indigenous, sheep",1998,1450785
Europe,"Meat indigenous, sheep",1999,1417327
Europe,"Meat indigenous, sheep",2000,1403341
Europe,"Meat indigenous, sheep",2001,1273144
Europe,"Meat indigenous, sheep",2002,1298711
Europe,"Meat indigenous, sheep",2003,1280442
Europe,"Meat indigenous, sheep",2004,1301466
Europe,"Meat indigenous, sheep",2005,1313126
Europe,"Meat indigenous, sheep",2006,1311965
Europe,"Meat indigenous, sheep",2007,1310080
Europe,"Meat indigenous, sheep",2008,1246003
Europe,"Meat indigenous, sheep",2009,1195162
Europe,"Meat indigenous, sheep",2010,1170324
Europe,"Meat indigenous, sheep",2011,1201659
Europe,"Meat indigenous, sheep",2012,1170986
Europe,"Meat indigenous, sheep",2013,1171358
Oceania,"Meat indigenous, cattle",1961,889217
Oceania,"Meat indigenous, cattle",1962,1096063
Oceania,"Meat indigenous, cattle",1963,1232893
Oceania,"Meat indigenous, cattle",1964,1299637
Oceania,"Meat indigenous, cattle",1965,1309263
Oceania,"Meat indigenous, cattle",1966,1245166
Oceania,"Meat indigenous, cattle",1967,1187619
Oceania,"Meat indigenous, cattle",1968,1257270
Oceania,"Meat indigenous, cattle",1969,1319564
Oceania,"Meat indigenous, cattle",1970,1409750
Oceania,"Meat indigenous, cattle",1971,1455027
Oceania,"Meat indigenous, cattle",1972,1588564
Oceania,"Meat indigenous, cattle",1973,1899420
Oceania,"Meat indigenous, cattle",1974,1744978
Oceania,"Meat indigenous, cattle",1975,2071630
Oceania,"Meat indigenous, cattle",1976,2489050
Oceania,"Meat indigenous, cattle",1977,2567694
Oceania,"Meat indigenous, cattle",1978,2772493
Oceania,"Meat indigenous, cattle",1979,2564781
Oceania,"Meat indigenous, cattle",1980,2089574
Oceania,"Meat indigenous, cattle",1981,2001523
Oceania,"Meat indigenous, cattle",1982,2131267
Oceania,"Meat indigenous, cattle",1983,2092532
Oceania,"Meat indigenous, cattle",1984,1813973
Oceania,"Meat indigenous, cattle",1985,1827562
Oceania,"Meat indigenous, cattle",1986,1904954
Oceania,"Meat indigenous, cattle",1987,2117898
Oceania,"Meat indigenous, cattle",1988,2207684
Oceania,"Meat indigenous, cattle",1989,2104183
Oceania,"Meat indigenous, cattle",1990,2199699
Oceania,"Meat indigenous, cattle",1991,2346171
Oceania,"Meat indigenous, cattle",1992,2377611
Oceania,"Meat indigenous, cattle",1993,2455135
Oceania,"Meat indigenous, cattle",1994,2441053
Oceania,"Meat indigenous, cattle",1995,2583862
Oceania,"Meat indigenous, cattle",1996,2655548
Oceania,"Meat indigenous, cattle",1997,2808256
Oceania,"Meat indigenous, cattle",1998,2822783
Oceania,"Meat indigenous, cattle",1999,2900726
Oceania,"Meat indigenous, cattle",2000,2788256
Oceania,"Meat indigenous, cattle",2001,2927820
Oceania,"Meat indigenous, cattle",2002,2856407
Oceania,"Meat indigenous, cattle",2003,2930853
Oceania,"Meat indigenous, cattle",2004,2922271
Oceania,"Meat indigenous, cattle",2005,2982974
Oceania,"Meat indigenous, cattle",2006,2903187
Oceania,"Meat indigenous, cattle",2007,3060686
Oceania,"Meat indigenous, cattle",2008,3003564
Oceania,"Meat indigenous, cattle",2009,3020031
Oceania,"Meat indigenous, cattle",2010,2990846
Oceania,"Meat indigenous, cattle",2011,2941654
Oceania,"Meat indigenous, cattle",2012,2924962
Oceania,"Meat indigenous, cattle",2013,3073341
Oceania,"Meat indigenous, chicken",1961,54493
Oceania,"Meat indigenous, chicken",1962,56657
Oceania,"Meat indigenous, chicken",1963,57081
Oceania,"Meat indigenous, chicken",1964,66760
Oceania,"Meat indigenous, chicken",1965,80582
Oceania,"Meat indigenous, chicken",1966,77120
Oceania,"Meat indigenous, chicken",1967,96235
Oceania,"Meat indigenous, chicken",1968,110941
Oceania,"Meat indigenous, chicken",1969,118009
Oceania,"Meat indigenous, chicken",1970,133622
Oceania,"Meat indigenous, chicken",1971,164271
Oceania,"Meat indigenous, chicken",1972,177436
Oceania,"Meat indigenous, chicken",1973,174649
Oceania,"Meat indigenous, chicken",1974,215575
Oceania,"Meat indigenous, chicken",1975,209500
Oceania,"Meat indigenous, chicken",1976,227724
Oceania,"Meat indigenous, chicken",1977,240780
Oceania,"Meat indigenous, chicken",1978,276849
Oceania,"Meat indigenous, chicken",1979,299470
Oceania,"Meat indigenous, chicken",1980,336419
Oceania,"Meat indigenous, chicken",1981,336401
Oceania,"Meat indigenous, chicken",1982,320394
Oceania,"Meat indigenous, chicken",1983,344045
Oceania,"Meat indigenous, chicken",1984,336806
Oceania,"Meat indigenous, chicken",1985,387880
Oceania,"Meat indigenous, chicken",1986,400992
Oceania,"Meat indigenous, chicken",1987,413385
Oceania,"Meat indigenous, chicken",1988,425291
Oceania,"Meat indigenous, chicken",1989,437394
Oceania,"Meat indigenous, chicken",1990,454400
Oceania,"Meat indigenous, chicken",1991,459527
Oceania,"Meat indigenous, chicken",1992,497176
Oceania,"Meat indigenous, chicken",1993,528577
Oceania,"Meat indigenous, chicken",1994,559618
Oceania,"Meat indigenous, chicken",1995,572832
Oceania,"Meat indigenous, chicken",1996,585935
Oceania,"Meat indigenous, chicken",1997,664557
Oceania,"Meat indigenous, chicken",1998,714675
Oceania,"Meat indigenous, chicken",1999,690645
Oceania,"Meat indigenous, chicken",2000,735735
Oceania,"Meat indigenous, chicken",2001,757968
Oceania,"Meat indigenous, chicken",2002,822821
Oceania,"Meat indigenous, chicken",2003,856529
Oceania,"Meat indigenous, chicken",2004,864545
Oceania,"Meat indigenous, chicken",2005,940395
Oceania,"Meat indigenous, chicken",2006,949273
Oceania,"Meat indigenous, chicken",2007,986729
Oceania,"Meat indigenous, chicken",2008,975267
Oceania,"Meat indigenous, chicken",2009,993376
Oceania,"Meat indigenous, chicken",2010,1052126
Oceania,"Meat indigenous, chicken",2011,1209629
Oceania,"Meat indigenous, chicken",2012,1237318
Oceania,"Meat indigenous, chicken",2013,1259268
Oceania,"Meat indigenous, goat",1961,1315
Oceania,"Meat indigenous, goat",1962,1275
Oceania,"Meat indigenous, goat",1963,1503
Oceania,"Meat indigenous, goat",1964,1542
Oceania,"Meat indigenous, goat",1965,1558
Oceania,"Meat indigenous, goat",1966,1529
Oceania,"Meat indigenous, goat",1967,1454
Oceania,"Meat indigenous, goat",1968,1505
Oceania,"Meat indigenous, goat",1969,1626
Oceania,"Meat indigenous, goat",1970,1585
Oceania,"Meat indigenous, goat",1971,2065
Oceania,"Meat indigenous, goat",1972,2104
Oceania,"Meat indigenous, goat",1973,2497
Oceania,"Meat indigenous, goat",1974,1918
Oceania,"Meat indigenous, goat",1975,2102
Oceania,"Meat indigenous, goat",1976,2248
Oceania,"Meat indigenous, goat",1977,1339
Oceania,"Meat indigenous, goat",1978,1443
Oceania,"Meat indigenous, goat",1979,1845
Oceania,"Meat indigenous, goat",1980,2005
Oceania,"Meat indigenous, goat",1981,1997
Oceania,"Meat indigenous, goat",1982,1955
Oceania,"Meat indigenous, goat",1983,2643
Oceania,"Meat indigenous, goat",1984,2130
Oceania,"Meat indigenous, goat",1985,2077
Oceania,"Meat indigenous, goat",1986,6664
Oceania,"Meat indigenous, goat",1987,7045
Oceania,"Meat indigenous, goat",1988,10558
Oceania,"Meat indigenous, goat",1989,11698
Oceania,"Meat indigenous, goat",1990,13108
Oceania,"Meat indigenous, goat",1991,15122
Oceania,"Meat indigenous, goat",1992,16569
Oceania,"Meat indigenous, goat",1993,15074
Oceania,"Meat indigenous, goat",1994,14676
Oceania,"Meat indigenous, goat",1995,13320
Oceania,"Meat indigenous, goat",1996,13690
Oceania,"Meat indigenous, goat",1997,14398
Oceania,"Meat indigenous, goat",1998,13569
Oceania,"Meat indigenous, goat",1999,12605
Oceania,"Meat indigenous, goat",2000,14345
Oceania,"Meat indigenous, goat",2001,16196
Oceania,"Meat indigenous, goat",2002,19980
Oceania,"Meat indigenous, goat",2003,18218
Oceania,"Meat indigenous, goat",2004,20743
Oceania,"Meat indigenous, goat",2005,23895
Oceania,"Meat indigenous, goat",2006,25937
Oceania,"Meat indigenous, goat",2007,21253
Oceania,"Meat indigenous, goat",2008,21847
Oceania,"Meat indigenous, goat",2009,29104
Oceania,"Meat indigenous, goat",2010,29958
Oceania,"Meat indigenous, goat",2011,28576
Oceania,"Meat indigenous, goat",2012,28761
Oceania,"Meat indigenous, goat",2013,28887
Oceania,"Meat indigenous, pig",1961,173857
Oceania,"Meat indigenous, pig",1962,187344
Oceania,"Meat indigenous, pig",1963,184487
Oceania,"Meat indigenous, pig",1964,186431
Oceania,"Meat indigenous, pig",1965,194021
Oceania,"Meat indigenous, pig",1966,201331
Oceania,"Meat indigenous, pig",1967,206641
Oceania,"Meat indigenous, pig",1968,215951
Oceania,"Meat indigenous, pig",1969,228836
Oceania,"Meat indigenous, pig",1970,244163
Oceania,"Meat indigenous, pig",1971,257176
Oceania,"Meat indigenous, pig",1972,267328
Oceania,"Meat indigenous, pig",1973,305428
Oceania,"Meat indigenous, pig",1974,280262
Oceania,"Meat indigenous, pig",1975,245742
Oceania,"Meat indigenous, pig",1976,245661
Oceania,"Meat indigenous, pig",1977,263977
Oceania,"Meat indigenous, pig",1978,278093
Oceania,"Meat indigenous, pig",1979,276384
Oceania,"Meat indigenous, pig",1980,297569
Oceania,"Meat indigenous, pig",1981,310343
Oceania,"Meat indigenous, pig",1982,314581
Oceania,"Meat indigenous, pig",1983,326522
Oceania,"Meat indigenous, pig",1984,344984
Oceania,"Meat indigenous, pig",1985,357955
Oceania,"Meat indigenous, pig",1986,368880
Oceania,"Meat indigenous, pig",1987,378525
Oceania,"Meat indigenous, pig",1988,394744
Oceania,"Meat indigenous, pig",1989,405815
Oceania,"Meat indigenous, pig",1990,414805
Oceania,"Meat indigenous, pig",1991,409838
Oceania,"Meat indigenous, pig",1992,439652
Oceania,"Meat indigenous, pig",1993,438845
Oceania,"Meat indigenous, pig",1994,459094
Oceania,"Meat indigenous, pig",1995,472762
Oceania,"Meat indigenous, pig",1996,455468
Oceania,"Meat indigenous, pig",1997,469150
Oceania,"Meat indigenous, pig",1998,495758
Oceania,"Meat indigenous, pig",1999,488489
Oceania,"Meat indigenous, pig",2000,489010
Oceania,"Meat indigenous, pig",2001,496496
Oceania,"Meat indigenous, pig",2002,542151
Oceania,"Meat indigenous, pig",2003,554053
Oceania,"Meat indigenous, pig",2004,535029
Oceania,"Meat indigenous, pig",2005,529440
Oceania,"Meat indigenous, pig",2006,525403
Oceania,"Meat indigenous, pig",2007,524070
Oceania,"Meat indigenous, pig",2008,503166
Oceania,"Meat indigenous, pig",2009,461439
Oceania,"Meat indigenous, pig",2010,478815
Oceania,"Meat indigenous, pig",2011,491243
Oceania,"Meat indigenous, pig",2012,498912
Oceania,"Meat indigenous, pig",2013,498323
Oceania,"Meat indigenous, sheep",1961,1044410
Oceania,"Meat indigenous, sheep",1962,1071837
Oceania,"Meat indigenous, sheep",1963,1068778
Oceania,"Meat indigenous, sheep",1964,1089355
Oceania,"Meat indigenous, sheep",1965,1076424
Oceania,"Meat indigenous, sheep",1966,1087544
Oceania,"Meat indigenous, sheep",1967,1115520
Oceania,"Meat indigenous, sheep",1968,1228555
Oceania,"Meat indigenous, sheep",1969,1241078
Oceania,"Meat indigenous, sheep",1970,1319834
Oceania,"Meat indigenous, sheep",1971,1403078
Oceania,"Meat indigenous, sheep",1972,1548813
Oceania,"Meat indigenous, sheep",1973,1286475
Oceania,"Meat indigenous, sheep",1974,987037
Oceania,"Meat indigenous, sheep",1975,1046019
Oceania,"Meat indigenous, sheep",1976,1135231
Oceania,"Meat indigenous, sheep",1977,1107003
Oceania,"Meat indigenous, sheep",1978,1086362
Oceania,"Meat indigenous, sheep",1979,1076819
Oceania,"Meat indigenous, sheep",1980,1219349
Oceania,"Meat indigenous, sheep",1981,1307443
Oceania,"Meat indigenous, sheep",1982,1241651
Oceania,"Meat indigenous, sheep",1983,1333121
Oceania,"Meat indigenous, sheep",1984,1246465
Oceania,"Meat indigenous, sheep",1985,1360842
Oceania,"Meat indigenous, sheep",1986,1310513
Oceania,"Meat indigenous, sheep",1987,1339769
Oceania,"Meat indigenous, sheep",1988,1336628
Oceania,"Meat indigenous, sheep",1989,1290826
Oceania,"Meat indigenous, sheep",1990,1253062
Oceania,"Meat indigenous, sheep",1991,1311843
Oceania,"Meat indigenous, sheep",1992,1333375
Oceania,"Meat indigenous, sheep",1993,1247334
Oceania,"Meat indigenous, sheep",1994,1295339
Oceania,"Meat indigenous, sheep",1995,1276154
Oceania,"Meat indigenous, sheep",1996,1211947
Oceania,"Meat indigenous, sheep",1997,1215557
Oceania,"Meat indigenous, sheep",1998,1267767
Oceania,"Meat indigenous, sheep",1999,1248929
Oceania,"Meat indigenous, sheep",2000,1323852
Oceania,"Meat indigenous, sheep",2001,1416456
Oceania,"Meat indigenous, sheep",2002,1289300
Oceania,"Meat indigenous, sheep",2003,1239385
Oceania,"Meat indigenous, sheep",2004,1149488
Oceania,"Meat indigenous, sheep",2005,1225630
Oceania,"Meat indigenous, sheep",2006,1253897
Oceania,"Meat indigenous, sheep",2007,1334244
Oceania,"Meat indigenous, sheep",2008,1346644
Oceania,"Meat indigenous, sheep",2009,1186861
Oceania,"Meat indigenous, sheep",2010,1088923
Oceania,"Meat indigenous, sheep",2011,1031602
Oceania,"Meat indigenous, sheep",2012,1053760
Oceania,"Meat indigenous, sheep",2013,1152804
